input,mean,stdDev,lwrBnd,uprBnd
h2oDens,0.766,0.0383,0.6511,0.8809
ppmB,500,50,350,650
concDens,2.28,0.228,1.938,2.622
concFe,0.5,0.05,0.35,0.65
concC,0.1,0.01,0.07,0.13
concSi,8.5,0.85,5.95,11.05
concCa,29.4,2.94,20.58,38.22
concK,0.047,0.0047,0.0329,0.0611
concAl,0.53,0.053,0.371,0.689
concMg,0.22,0.022,0.154,0.286
concNa,0.2,0.02,0.14,0.26
concP,0.2,0.02,0.14,0.26
concS,0.2,0.02,0.14,0.26
concH,0.6,0.06,0.42,0.78
linerR,0.635,0.42545,0,1.91135
